[
    {
"users":
        [
            {
                "_id":"1",
                "name":[
                    {
                        "forename":"Joseph",
                        "surname":"McEvoy"
                    }
                ] ,  
                "age": 27,
                "gender": "male",
                "company": "CA",
                "email": "joseph_mce@live.co.uk",
                "phone": "07903919995",
                "address":[
                    {
                        "addressline1":"1/2",
                        "addressline2":"27 Plean Street",
                        "city":"Glasgow",
                        "county":"Lanarkshire",
                        "postcode":"G14 0YH",
                        "country":"Scotland"                
                    }
                ] 
            }   
        ],
"vehicles": [
                {
                    "name":"BMW",
                    "models":
                    [
                        {     
                            "modelID":"1",                   
                            "modelname":"1 Series",
                            "image":"BMW_1.188792a2.png",
                            "thumb":"BMW_1_SERIESthumb.png",
                            "deriv": [
                                { 
                                    "derivID":"100001",
                                    "derivname":"3-Door Sports Hatch",
                                    "derivimg":"1-series_1.0d12d48a.png"
                                },
                                { 
                                    "derivID":"100002",
                                    "derivname":"5-Door Sports Hatch",
                                    "derivimg":"1-series_2.a6adb735.png"
                                },
                                { 
                                    "derivID":"100003",
                                    "derivname":"M140i 3-Door",
                                    "derivimg":"1-series_3.46d70def.png"
                                },
                                { 
                                    "derivID":"100004",
                                    "derivname":"M140i 5-Door",
                                    "derivimg":"1-series_4.d474eef3.png"
                                }
                        ]
                       
                    },
                    
                        {
                            "modelID":"2",
                            "modelname":"2 Series",
                            "image":"BMW_2.b09a173f.png",
                            "thumb":"BMW_2_SERIESthumb.png",
                            "deriv": [
                                    { 
                                        "derivID":"200001",
                                        "derivname":"Coupe",
                                        "derivimg":"2-series_1.771db525.png"
                                    },
                                    { 
                                        "derivID":"200002",
                                        "derivname":"Coupe",
                                        "derivimg":"2-series_2.6fa4d39e.png"
                                    },
                                    { 
                                        "derivID":"200003",
                                        "derivname":"Coupe",
                                        "derivimg":"2-series_3.26587798.png"
                                    },
                                    { 
                                        "derivID":"200004",
                                        "derivname":"Coupe",
                                        "derivimg":"2-series_4.9eadb071.png"
                                    },
                                    { 
                                        "derivID":"200005",
                                        "derivname":"Coupe",
                                        "derivimg":"2-series_5.974c57b3.png"
                                    },
                                    { 
                                        "derivID":"200006",
                                        "derivname":"Coupe",
                                        "derivimg":"2-series_6.2ff8d4ca.png"
                                    },
                                    { 
                                        "derivID":"200007",
                                        "derivname":"Coupe",
                                        "derivimg":"2-series_7.1570c000.png"
                                    }
                            ]
                        },
                        {
                            "modelID":"3",
                            "modelname":"3 Series",
                            "image":"BMW_3.0913b49c.png",
                            "thumb":"BMW_3_SERIESthumb.png",
                            "deriv": [
                                { 
                                    "derivID":"300001",
                                    "derivname":"New Saloon",
                                    "derivimg":"3-series_1.6fc22708.png"
                                },
                                { 
                                    "derivID":"300002",
                                    "derivname":"Saloon",
                                    "derivimg":"3-series_2.b387310c.png"
                                },
                                { 
                                    "derivID":"300003",
                                    "derivname":"Touring",
                                    "derivimg":"3-series_3.8a63a867.png"
                                },
                                { 
                                    "derivID":"300004",
                                    "derivname":"Gran Turismo",
                                    "derivimg":"3-series_4.bb779ad5.png"
                                }
                        ]
                            
                        },
                        {
                            "modelID":"4",
                            "modelname":"4 Series",
                            "image":"BMW_4.3c0fd9c4.png",
                            "thumb":"BMW_4_SERIESthumb.png",
                            "deriv":[
                                { 
                                    "derivID":"400001",
                                    "derivname":"Coupe",
                                    "derivimg":"4-series_1.7f44b3ba.png"
                                },
                                { 
                                    "derivID":"400002",
                                    "derivname":"Convertible",
                                    "derivimg":"4-series_2.fe8cf68e.png"
                                },
                                { 
                                    "derivID":"400003",
                                    "derivname":"Gran Coupe",
                                    "derivimg":"4-series_3.1fafa66c.png"
                                }
                        ]
                        
                        },
                        {
                            "modelID":"5",
                            "modelname":"5 Series",
                            "image":"BMW_5.934b8ff3.png",
                            "thumb":"BMW_5_SERIESthumb.png",
                            "deriv": [
                                { 
                                    "derivID":"500001",
                                    "derivname":"Saloon",
                                    "derivimg":"5-series_1.bc37de03.png"
                                },
                                { 
                                    "derivID":"500002",
                                    "derivname":"Touring",
                                    "derivimg":"5-series_2.a148e724.png"
                                },
                                { 
                                    "derivID":"500003",
                                    "derivname":"iPerformance Saloon",
                                    "derivimg":"5-series_3.6be560cf.png"
                                }
                        ]
                        },
                        {
                            "modelID":"6",
                            "modelname":"6 Series",
                            "image":"BMW_6.0e6aaf4f.png",
                            "thumb":"BMW_6_SERIESthumb.png",
                            "deriv": [
                                { 
                                    "derivID":"600001",
                                    "derivname":"Gran Turismo",
                                    "derivimg":"6-series_1.24b5cef3.png"
                                }
                        ]
                        },
                        {
                            "modelID":"7",
                            "modelname":"7 Series",
                            "image":"BMW_7.2f215854.png",
                            "thumb":"BMW_7_SERIESthumb.png",
                            "deriv":  [
                                { 
                                    "derivID":"700001",
                                    "derivname":"Saloon",
                                    "derivimg":"7-series_1.d4568865.png"
                                },
                                { 
                                    "derivID":"700002",
                                    "derivname":"iPerormance Saloon",
                                    "derivimg":"7-series_2.e4880e77.png"
                                },
                                { 
                                    "derivID":"700003",
                                    "derivname":"M760Li xDrive",
                                    "derivimg":"7-series_3.102ffbb5.png"
                                }
                        ]
                        },
                        {
                            "modelID":"8",
                            "modelname":"8 Series",
                            "image":"BMW_8.45893319.png",
                            "thumb":"BMW_8_SERIESthumb.png",
                            "deriv": [
                                { 
                                    "derivID":"800001",
                                    "derivname":"Coupe",
                                    "derivimg":"8-series_1.a6a9a8c5.png"
                                },
                                { 
                                    "derivID":"800002",
                                    "derivname":"Convertible",
                                    "derivimg":"8-series_2.355fdf53.png"
                                },
                                { 
                                    "derivID":"800003",
                                    "derivname":"M850i xDrive",
                                    "derivimg":"8-series_3.bf053339.png"
                                }
                        ]
                    
                        },
                        {
                            "modelID":"9",
                            "modelname":"X Models",
                            "image":"BMW_9.39da6afc.png",
                            "thumb":"BMW_X_SERIESthumb.png",
                            "deriv": [
                                { 
                                    "derivID":"900001",
                                    "derivname":"X1",
                                    "derivimg":"Xmodels_1.e8346eee.png"
                                },
                                { 
                                    "derivID":"900002",
                                    "derivname":"X2",
                                    "derivimg":"Xmodels_2.61f6c9b1.png"
                                },
                                { 
                                    "derivID":"900003",
                                    "derivname":"X3",
                                    "derivimg":"Xmodels_3.8b32407c.png"
                                },
                                { 
                                    "derivID":"900004",
                                    "derivname":"X4",
                                    "derivimg":"Xmodels_4.bbf49e67.png"
                                },
                                { 
                                    "derivID":"900005",
                                    "derivname":"New X5",
                                    "derivimg":"Xmodels_5.42c6b4e9.png"
                                },
                                { 
                                    "derivID":"900006",
                                    "derivname":"X6",
                                    "derivimg":"Xmodels_6.bcb38b9c.png"
                                },
                                { 
                                    "derivID":"900007",
                                    "derivname":"New X7",
                                    "derivimg":"Xmodels_7.28d57b93.png"
                                },
                                { 
                                    "derivID":"900008",
                                    "derivname":"X3 M40i",
                                    "derivimg":"Xmodels_8.bcd11e83.png"
                                },
                                { 
                                    "derivID":"900009",
                                    "derivname":"X4 M40i",
                                    "derivimg":"Xmodels_9.67b40195.png"
                                },
                                { 
                                    "derivID":"900010",
                                    "derivname":"X4 M40d",
                                    "derivimg":"Xmodels_10.35a53679.png"
                                },
                                { 
                                    "derivID":"900011",
                                    "derivname":"New X5 M50d",
                                    "derivimg":"Xmodels_11.6a0486a9.png"
                                },
                                { 
                                    "derivID":"900012",
                                    "derivname":"X6 M50d",
                                    "derivimg":"Xmodels_12.da9efdfe.png"
                                }
                        ]
                       },
                        {
                            "modelID":"10",
                            "modelname":"M Performance",
                            "image":"BMW_10.c628622f.png",
                            "thumb":"BMW_M_Performance.png",
                            "deriv":
                            [
                                { 
                                    "derivID":"1000001",
                                    "derivname":"M140i 3-door",
                                    "derivimg":"mperform_1.ae9c8e71.png"
                                },
                                { 
                                    "derivID":"1000002",
                                    "derivname":"M140i 5-door",
                                    "derivimg":"mperform_2.e4e1e981.png"
                                },
                                { 
                                    "derivID":"1000003",
                                    "derivname":"M240i Coupe",
                                    "derivimg":"mperform_3.59deddc8.png"
                                },
                                { 
                                    "derivID":"1000004",
                                    "derivname":"M240i Convertible",
                                    "derivimg":"mperform_4.c0688635.png"
                                },
                                { 
                                    "derivID":"1000005",
                                    "derivname":"M760Li xDrive",
                                    "derivimg":"mperform_5.c38bf50e.png"
                                },
                                { 
                                    "derivID":"1000006",
                                    "derivname":"M850i xDrive",
                                    "derivimg":"mperform_6.eaa9a13d.png"
                                },
                                { 
                                    "derivID":"1000007",
                                    "derivname":"X2 M35i",
                                    "derivimg":"mperform_7.6d55d7dd.png"
                                },
                                { 
                                    "derivID":"1000008",
                                    "derivname":"X3 M40i",
                                    "derivimg":"mperform_8.f21f0cfa.png"
                                },
                                { 
                                    "derivID":"1000009",
                                    "derivname":"X4 M40i",
                                    "derivimg":"mperform_9.2daea05b.png"
                                },
                                { 
                                    "derivID":"1000010",
                                    "derivname":"X4 M40d",
                                    "derivimg":"mperform_10.6f7198ca.png"
                                },
                                { 
                                    "derivID":"1000011",
                                    "derivname":"New X5 M50d",
                                    "derivimg":"mperform_11.a4a75bfc.png"
                                }
                                ,
                                { 
                                    "derivID":"1000013",
                                    "derivname":"X6 M50d",
                                    "derivimg":"mperform_12.d267ac19.png"
                                }
                        ]
                    },
                        {
                            "modelID":"11",
                            "modelname":"M",
                            "image":"BMW_11.9fdd0d73.png",
                            "thumb":"BMW_M_SERIESthumb.png",
                            "deriv": [
                                { 
                                    "derivID":"110001",
                                    "derivname":"M2 Competition",
                                    "derivimg":"m_1.21c0acc9.png"
                                },
                                { 
                                    "derivID":"110002",
                                    "derivname":"M3 Saloon",
                                    "derivimg":"m_2.170cf6e7.png"
                                },
                                { 
                                    "derivID":"110003",
                                    "derivname":"M4 Coupe",
                                    "derivimg":"m_3.7bf2ec4e.png"
                                },
                                { 
                                    "derivID":"110004",
                                    "derivname":"M4 Convertible",
                                    "derivimg":"m_4.f5f0337c.png"
                                }
                                ,
                                { 
                                    "derivID":"110005",
                                    "derivname":"M5 Saloon",
                                    "derivimg":"m_5.10d620b0.png"
                                }
                        ]
                        },
                        {
                            "modelID":"12",
                            "modelname":"iPerformance",
                            "image":"BMW_12.6bd7df74.png",
                            "thumb":"BMW_iPerformancethumb.png",
                            "deriv": [
                                { 
                                    "derivID":"120001",
                                    "derivname":"2 Series iPerformance Active Tourer",
                                    "derivimg":"iperform_1.1960a77b.png"
                                },
                                { 
                                    "derivID":"120002",
                                    "derivname":"5 Series iPerformance Saloon",
                                    "derivimg":"iperform_2.ed74c441.png"
                                },
                                { 
                                    "derivID":"120003",
                                    "derivname":"7 Series iPerformance Saloon",
                                    "derivimg":"iperform_3.024f0f7a.png"
                                }
                        ]
                        },
                        {
                            "modelID":"13",
                            "modelname":"i Series",
                            "image":"BMW_13.2a8bf3ba.png",
                            "thumb":"BMW_i_SERIESthumb.png",
                            "deriv": [
                                { 
                                    "derivID":"130001",
                                    "derivname":"i3",
                                    "derivimg":"i_1.2cbfb173.png"
                                },
                                { 
                                    "derivID":"130002",
                                    "derivname":"i8 Coupe",
                                    "derivimg":"i_2.89497576.png"
                                },
                                { 
                                    "derivID":"130003",
                                    "derivname":"i8 Roadster",
                                    "derivimg":"i_3.4c4fa2c7.png"
                                }
                        ]
                        },
                        {
                            "modelID":"14",
                            "modelname":"Z4",
                            "image":"BMW_14.f4ba988c.png",
                            "thumb":"BMW_Z4_SERIESthumb.png",
                            "deriv": [
                                { 
                                    "derivID":"140001",
                                    "derivname":"Z4",
                                    "derivimg":"z4_1.85ae9f11.png"
                                }
                        ]
                    }
                    ]                      
                    }
                ]           
            }  
]
